{"cameraMode":{"drawMode":0,"name":"Shaded","section":"Shading Mode"},"sceneLighting":false,"audioPlay":false,"sceneViewState":{"showFog":true,"showMaterialUpdate":false,"showSkybox":false,"showFlares":true,"showImageEffects":true,"showParticleSystems":true},"in2DMode":false,"pivot":{"x":3.759999990463257,"y":1.7795000076293946,"z":-9.859999656677246},"rotation":{"x":0.07048516720533371,"y":-0.6542804837226868,"z":0.06184380128979683,"w":0.7505350112915039},"size":1.1410173177719117,"orthographic":false}