{"cameraMode":{"drawMode":0,"name":"Shaded","section":"Shading Mode"},"sceneLighting":false,"audioPlay":false,"sceneViewState":{"showFog":true,"showMaterialUpdate":false,"showSkybox":true,"showFlares":true,"showImageEffects":true,"showParticleSystems":true},"in2DMode":false,"pivot":{"x":-25.119237899780275,"y":0.012443304061889649,"z":-15.136336326599121},"rotation":{"x":-0.01999340020120144,"y":0.8669902086257935,"z":-0.03488651663064957,"w":-0.4969113767147064},"size":16.716299057006837,"orthographic":false}