{"cameraMode":{"drawMode":0,"name":"Shaded","section":"Shading Mode"},"sceneLighting":false,"audioPlay":false,"sceneViewState":{"showFog":true,"showMaterialUpdate":false,"showSkybox":false,"showFlares":true,"showImageEffects":true,"showParticleSystems":true},"in2DMode":false,"pivot":{"x":-2.6555967330932619,"y":2.4204235076904299,"z":3.586632251739502},"rotation":{"x":0.0027101244777441026,"y":0.2355787456035614,"z":-0.0003491887473501265,"w":0.9719846844673157},"size":2.1584532260894777,"orthographic":false}